Symbol,Date,Close
JPM,10/1/2012,40.97
JPM,10/2/2012,40.92
JPM,10/3/2012,40.86
JPM,10/4/2012,41.82
JPM,10/5/2012,41.71
JPM,10/8/2012,41.66
JPM,10/9/2012,41.38
JPM,10/10/2012,41.77
JPM,10/11/2012,42.1
JPM,10/12/2012,41.62
JPM,10/15/2012,42.38
JPM,10/16/2012,42.83
JPM,10/17/2012,43.32
JPM,10/18/2012,43.01
JPM,10/19/2012,42.32
JPM,10/22/2012,42.09
JPM,10/23/2012,41.33
JPM,10/24/2012,41.71
JPM,10/25/2012,41.67
JPM,10/26/2012,41.16
JPM,10/31/2012,41.68
JPM,11/1/2012,42.84
JPM,11/2/2012,42.42
JPM,11/5/2012,42.27
JPM,11/6/2012,42.88
JPM,11/7/2012,40.48
JPM,11/8/2012,40.4
JPM,11/9/2012,40.62
JPM,11/12/2012,40.58
JPM,11/13/2012,40.04
JPM,11/14/2012,39.29
JPM,11/15/2012,39.39
JPM,11/16/2012,39.53
JPM,11/19/2012,40.59
JPM,11/20/2012,40.7
JPM,11/21/2012,40.73
JPM,11/23/2012,41.09
JPM,11/26/2012,40.88
JPM,11/27/2012,40.75
JPM,11/28/2012,40.83
JPM,11/29/2012,41.22
JPM,11/30/2012,41.08
JPM,12/3/2012,40.81
JPM,12/4/2012,40.57
JPM,12/5/2012,41.2
JPM,12/6/2012,41.47
JPM,12/7/2012,42.56
JPM,12/10/2012,42.31
JPM,12/11/2012,42.64
JPM,12/12/2012,42.77
JPM,12/13/2012,42.78
JPM,12/14/2012,42.81
JPM,12/17/2012,43.48
JPM,12/18/2012,43.87
JPM,12/19/2012,43.53
JPM,12/20/2012,44.53
JPM,12/21/2012,44
JPM,12/24/2012,43.92
JPM,12/26/2012,43.96
JPM,12/27/2012,43.63
JPM,12/28/2012,43.24
JPM,12/31/2012,43.97
JPM,1/2/2013,44.66
JPM,1/3/2013,44.57
JPM,1/4/2013,45.36
JPM,1/7/2013,45.41
JPM,1/8/2013,45.5
JPM,1/9/2013,45.47
JPM,1/10/2013,46.15
JPM,1/11/2013,46.14
JPM,1/14/2013,45.88
JPM,1/15/2013,46.35
JPM,1/16/2013,46.82
JPM,1/17/2013,46.44
JPM,1/18/2013,46.46
JPM,1/22/2013,46.54
JPM,1/23/2013,46.23
JPM,1/24/2013,46.37
JPM,1/25/2013,47.16
JPM,1/28/2013,46.64
JPM,1/29/2013,47.12
JPM,1/30/2013,47.13
JPM,1/31/2013,47.05
JPM,2/1/2013,47.85
JPM,2/4/2013,47.68
JPM,2/5/2013,48.79
JPM,2/6/2013,48.61
JPM,2/7/2013,48.23
JPM,2/8/2013,48.63
JPM,2/11/2013,48.66
JPM,2/12/2013,49.14
JPM,2/13/2013,48.68
JPM,2/14/2013,49.22
JPM,2/15/2013,48.88
JPM,2/19/2013,49.45
JPM,2/20/2013,48.61
JPM,2/21/2013,48.25
JPM,2/22/2013,48.91
JPM,2/25/2013,47.7
JPM,2/26/2013,47.6
JPM,2/27/2013,49.28
JPM,2/28/2013,48.92
JPM,3/1/2013,48.91
JPM,3/4/2013,49.1
JPM,3/5/2013,49.49
JPM,3/6/2013,50.03
JPM,3/7/2013,50.63
JPM,3/8/2013,50.2
JPM,3/11/2013,50.48
JPM,3/12/2013,50.28
JPM,3/13/2013,50.16
JPM,3/14/2013,51
JPM,3/15/2013,50.02
JPM,3/18/2013,49.51
JPM,3/19/2013,49.2
JPM,3/20/2013,49.12
JPM,3/21/2013,48.35
JPM,3/22/2013,48.78
JPM,3/25/2013,48.52
JPM,3/26/2013,48.64
JPM,3/27/2013,47.77
JPM,3/28/2013,47.46
JPM,4/1/2013,47.83
JPM,4/2/2013,48.28
JPM,4/3/2013,46.85
JPM,4/4/2013,47.49
JPM,4/5/2013,47.91
JPM,4/8/2013,48.58
JPM,4/9/2013,48.68
JPM,4/10/2013,49.25
JPM,4/11/2013,49.31
JPM,4/12/2013,49.01
JPM,4/15/2013,47.93
JPM,4/16/2013,48.49
JPM,4/17/2013,46.79
JPM,4/18/2013,46.64
JPM,4/19/2013,47.23
JPM,4/22/2013,47.35
JPM,4/23/2013,48.17
JPM,4/24/2013,48.72
JPM,4/25/2013,49
JPM,4/26/2013,48.88
JPM,4/29/2013,48.92
JPM,4/30/2013,49.01
JPM,5/1/2013,48.01
JPM,5/2/2013,48.08
JPM,5/3/2013,47.57
JPM,5/6/2013,48.18
JPM,5/7/2013,49.14
JPM,5/8/2013,49.76
JPM,5/9/2013,49.04
JPM,5/10/2013,48.96
JPM,5/13/2013,49.67
JPM,5/14/2013,50.23
JPM,5/15/2013,51.09
JPM,5/16/2013,50.97
JPM,5/17/2013,52.3
JPM,5/20/2013,52.29
JPM,5/21/2013,53.02
JPM,5/22/2013,53.63
JPM,5/23/2013,53.35
JPM,5/24/2013,53.66
JPM,5/28/2013,54.6
JPM,5/29/2013,54.67
JPM,5/30/2013,55.62
JPM,5/31/2013,54.59
JPM,6/3/2013,54.49
JPM,6/4/2013,54.04
JPM,6/5/2013,53.03
JPM,6/6/2013,53.5
JPM,6/7/2013,54.27
JPM,6/10/2013,54.36
JPM,6/11/2013,53.49
JPM,6/12/2013,53.18
JPM,6/13/2013,54.17
JPM,6/14/2013,53.13
JPM,6/17/2013,53.85
JPM,6/18/2013,54.11
JPM,6/19/2013,53.55
JPM,6/20/2013,52.48
JPM,6/21/2013,51.96
JPM,6/24/2013,50.92
JPM,6/25/2013,52.08
JPM,6/26/2013,52.5
JPM,6/27/2013,53.15
JPM,6/28/2013,52.79
JPM,7/1/2013,52.49
JPM,7/2/2013,52.8
JPM,7/3/2013,52.77
JPM,7/5/2013,53.99
JPM,7/8/2013,54.7
JPM,7/9/2013,54.89
JPM,7/10/2013,54.83
JPM,7/11/2013,55.14
JPM,7/12/2013,54.97
JPM,7/15/2013,54.89
JPM,7/16/2013,55.01
JPM,7/17/2013,55.27
JPM,7/18/2013,56.37
JPM,7/19/2013,56.16
JPM,7/22/2013,56.56
JPM,7/23/2013,56.67
JPM,7/24/2013,56.63
JPM,7/25/2013,56.5
JPM,7/26/2013,56.05
JPM,7/29/2013,55.69
JPM,7/30/2013,55.33
JPM,7/31/2013,55.73
JPM,8/1/2013,56.54
JPM,8/2/2013,56.49
JPM,8/5/2013,56.1
JPM,8/6/2013,55.49
JPM,8/7/2013,55.3
JPM,8/8/2013,54.83
JPM,8/9/2013,54.52
JPM,8/12/2013,54.09
JPM,8/13/2013,54.29
JPM,8/14/2013,54.15
JPM,8/15/2013,53.29
JPM,8/16/2013,53.29
JPM,8/19/2013,51.83
JPM,8/20/2013,52.12
JPM,8/21/2013,51.63
JPM,8/22/2013,52.21
JPM,8/23/2013,52.32
JPM,8/26/2013,51.8
JPM,8/27/2013,50.6
JPM,8/28/2013,50.58
JPM,8/29/2013,50.7
JPM,8/30/2013,50.53
JPM,9/3/2013,51.13
JPM,9/4/2013,51.87
JPM,9/5/2013,52.11
JPM,9/6/2013,52.56
JPM,9/9/2013,52.86
JPM,9/10/2013,53.67
JPM,9/11/2013,53.26
JPM,9/12/2013,52.24
JPM,9/13/2013,52.59
JPM,9/16/2013,53.14
JPM,9/17/2013,53.09
JPM,9/18/2013,53.41
JPM,9/19/2013,52.75
JPM,9/20/2013,52.8
JPM,9/23/2013,51.46
JPM,9/24/2013,50.32
JPM,9/25/2013,51.7
JPM,9/26/2013,51.89
JPM,9/27/2013,52.24
JPM,9/30/2013,51.69
JPM,10/1/2013,51.96
JPM,10/2/2013,52.09
JPM,10/3/2013,51.94
JPM,10/4/2013,52.67
JPM,10/7/2013,51.83
JPM,10/8/2013,50.87
JPM,10/9/2013,50.75
JPM,10/10/2013,52.52
JPM,10/11/2013,52.51
JPM,10/14/2013,52.71
JPM,10/15/2013,52.31
JPM,10/16/2013,54
JPM,10/17/2013,54.21
JPM,10/18/2013,54.3
JPM,10/21/2013,54.27
JPM,10/22/2013,53.62
JPM,10/23/2013,52.75
JPM,10/24/2013,52.48
JPM,10/25/2013,52.77
JPM,10/28/2013,52.68
JPM,10/29/2013,52.73
JPM,10/30/2013,52.6
JPM,10/31/2013,51.54
JPM,11/1/2013,52.51
JPM,11/4/2013,52.04
JPM,11/5/2013,51.95
JPM,11/6/2013,52.1
JPM,11/7/2013,51.65
JPM,11/8/2013,53.96
JPM,11/11/2013,54.1
JPM,11/12/2013,53.97
JPM,11/13/2013,54.14
JPM,11/14/2013,54.4
JPM,11/15/2013,54.87
JPM,11/18/2013,55.74
JPM,11/19/2013,56.15
JPM,11/20/2013,56.1
JPM,11/21/2013,57.22
JPM,11/22/2013,57.46
JPM,11/25/2013,57.65
JPM,11/26/2013,57.17
JPM,11/27/2013,57.48
JPM,11/29/2013,57.22
JPM,12/2/2013,56.98
JPM,12/3/2013,56.86
JPM,12/4/2013,57.19
JPM,12/5/2013,55.82
JPM,12/6/2013,56.06
JPM,12/9/2013,56.51
JPM,12/10/2013,56.7
JPM,12/11/2013,56.07
JPM,12/12/2013,56.31
JPM,12/13/2013,56.17
JPM,12/16/2013,56.42
JPM,12/17/2013,55.72
JPM,12/18/2013,57.24
JPM,12/19/2013,57.23
JPM,12/20/2013,57.7
JPM,12/23/2013,58.24
JPM,12/24/2013,58.25
JPM,12/26/2013,58.2
JPM,12/27/2013,58.14
JPM,12/30/2013,57.95
JPM,12/31/2013,58.48
JPM,1/2/2014,58.21
JPM,1/3/2014,58.66
JPM,1/6/2014,59
JPM,1/7/2014,58.32
JPM,1/8/2014,58.87
JPM,1/9/2014,58.76
JPM,1/10/2014,58.49
JPM,1/13/2014,57.7
JPM,1/14/2014,57.74
JPM,1/15/2014,59.49
JPM,1/16/2014,58.99
JPM,1/17/2014,58.11
JPM,1/21/2014,58.17
JPM,1/22/2014,57.59
JPM,1/23/2014,56.47
JPM,1/24/2014,55.09
JPM,1/27/2014,55.09
JPM,1/28/2014,55.74
JPM,1/29/2014,55.53
JPM,1/30/2014,56
JPM,1/31/2014,55.36
JPM,2/3/2014,54.31
JPM,2/4/2014,54.95
JPM,2/5/2014,55.21
JPM,2/6/2014,56.48
JPM,2/7/2014,56.62
JPM,2/10/2014,56.74
JPM,2/11/2014,57.43
JPM,2/12/2014,57.52
JPM,2/13/2014,58.03
JPM,2/14/2014,58.15
JPM,2/18/2014,58.49
JPM,2/19/2014,57.26
JPM,2/20/2014,57.58
JPM,2/21/2014,57.61
JPM,2/24/2014,58.03
JPM,2/25/2014,57.03
JPM,2/26/2014,56.75
JPM,2/27/2014,56.69
JPM,2/28/2014,56.82
JPM,3/3/2014,56.21
JPM,3/4/2014,57.26
JPM,3/5/2014,58.16
JPM,3/6/2014,58.9
JPM,3/7/2014,59.4
JPM,3/10/2014,59.2
JPM,3/11/2014,58.19
JPM,3/12/2014,57.92
JPM,3/13/2014,57.42
JPM,3/14/2014,56.8
JPM,3/17/2014,57.58
JPM,3/18/2014,58.06
JPM,3/19/2014,58.3
JPM,3/20/2014,60.11
JPM,3/21/2014,60.17
JPM,3/24/2014,61.07
JPM,3/25/2014,60.93
JPM,3/26/2014,59.9
JPM,3/27/2014,59.92
JPM,3/28/2014,60.04
JPM,3/31/2014,60.71
JPM,4/1/2014,60.67
JPM,4/2/2014,60.48
JPM,4/3/2014,60.66
JPM,4/4/2014,59.81
JPM,4/7/2014,59
JPM,4/8/2014,58.85
JPM,4/9/2014,59.27
JPM,4/10/2014,57.4
JPM,4/11/2014,55.3
JPM,4/14/2014,54.96
JPM,4/15/2014,54.8
JPM,4/16/2014,55.26
JPM,4/17/2014,55.22
JPM,4/21/2014,55.03
JPM,4/22/2014,55.81
JPM,4/23/2014,56.05
JPM,4/24/2014,56.19
JPM,4/25/2014,55.7
JPM,4/28/2014,55.49
JPM,4/29/2014,56.1
JPM,4/30/2014,55.98
JPM,5/1/2014,55.72
JPM,5/2/2014,55.58
JPM,5/5/2014,54.22
JPM,5/6/2014,53.34
JPM,5/7/2014,54.05
JPM,5/8/2014,54.36
JPM,5/9/2014,54.01
JPM,5/12/2014,54.65
JPM,5/13/2014,54.62
JPM,5/14/2014,54.36
JPM,5/15/2014,53.51
JPM,5/16/2014,53.31
JPM,5/19/2014,53.83
JPM,5/20/2014,53.72
JPM,5/21/2014,54.12
JPM,5/22/2014,54.55
JPM,5/23/2014,54.53
JPM,5/27/2014,55.14
JPM,5/28/2014,55.45
JPM,5/29/2014,55.72
JPM,5/30/2014,55.57
JPM,6/2/2014,55.35
JPM,6/3/2014,55.6
JPM,6/4/2014,55.68
JPM,6/5/2014,56.63
JPM,6/6/2014,56.97
JPM,6/9/2014,57.42
JPM,6/10/2014,57.9
JPM,6/11/2014,57.27
JPM,6/12/2014,57.04
JPM,6/13/2014,57.04
JPM,6/16/2014,56.87
JPM,6/17/2014,57.42
JPM,6/18/2014,57.78
JPM,6/19/2014,57.3
JPM,6/20/2014,57.55
JPM,6/23/2014,58.19
JPM,6/24/2014,57.42
JPM,6/25/2014,57.53
JPM,6/26/2014,57.39
JPM,6/27/2014,57.53
JPM,6/30/2014,57.62
JPM,7/1/2014,57.57
JPM,7/2/2014,56.97
JPM,7/3/2014,57.05
JPM,7/7/2014,56.67
JPM,7/8/2014,55.76
JPM,7/9/2014,56.02
JPM,7/10/2014,55.56
JPM,7/11/2014,55.8
JPM,7/14/2014,56.29
JPM,7/15/2014,58.27
JPM,7/16/2014,58.71
JPM,7/17/2014,57.86
JPM,7/18/2014,58.23
JPM,7/21/2014,58.24
JPM,7/22/2014,58.67
JPM,7/23/2014,59
JPM,7/24/2014,59.17
JPM,7/25/2014,59.01
JPM,7/28/2014,59.19
JPM,7/29/2014,58.64
JPM,7/30/2014,58.91
JPM,7/31/2014,57.67
JPM,8/1/2014,56.48
JPM,8/4/2014,56.65
JPM,8/5/2014,56.06
JPM,8/6/2014,56.23
JPM,8/7/2014,55.91
JPM,8/8/2014,56.34
JPM,8/11/2014,56.32
JPM,8/12/2014,56.35
JPM,8/13/2014,56.72
JPM,8/14/2014,56.98
JPM,8/15/2014,56.75
JPM,8/18/2014,57.23
JPM,8/19/2014,57.56
JPM,8/20/2014,57.64
JPM,8/21/2014,58.5
JPM,8/22/2014,58.49
JPM,8/25/2014,59.34
JPM,8/26/2014,59.74
JPM,8/27/2014,59.59
JPM,8/28/2014,59.16
JPM,8/29/2014,59.45
JPM,9/2/2014,59.67
JPM,9/3/2014,59.7
JPM,9/4/2014,59.71
JPM,9/5/2014,59.91
JPM,9/8/2014,59.89
JPM,9/9/2014,59.06
JPM,9/10/2014,59.22
JPM,9/11/2014,59.76
JPM,9/12/2014,60.03
JPM,9/15/2014,59.94
JPM,9/16/2014,59.99
JPM,9/17/2014,60.31
JPM,9/18/2014,61.32
JPM,9/19/2014,61.11
JPM,9/22/2014,60.91
JPM,9/23/2014,60.94
JPM,9/24/2014,61.63
JPM,9/25/2014,60.15
JPM,9/26/2014,60.56
JPM,9/29/2014,60.33
JPM,9/30/2014,60.24
JPM,10/1/2014,59.77
JPM,10/2/2014,58.84
JPM,10/3/2014,60.3
JPM,10/6/2014,60.18
JPM,10/7/2014,59.27
JPM,10/8/2014,60.4
JPM,10/9/2014,59.08
JPM,10/10/2014,58.52
JPM,10/13/2014,58.16
JPM,10/14/2014,57.99
JPM,10/15/2014,55.53
JPM,10/16/2014,55.08
JPM,10/17/2014,56.2
JPM,10/20/2014,56.63
JPM,10/21/2014,57.93
JPM,10/22/2014,57.45
JPM,10/23/2014,58.06
JPM,10/24/2014,58.74
JPM,10/27/2014,58.64
JPM,10/28/2014,59.63
JPM,10/29/2014,59.29
JPM,10/30/2014,59.39
JPM,10/31/2014,60.48
JPM,11/3/2014,60.88
JPM,11/4/2014,60.25
JPM,11/5/2014,61.15
JPM,11/6/2014,61.23
JPM,11/7/2014,61.47
JPM,11/10/2014,61.93
JPM,11/11/2014,61.37
JPM,11/12/2014,60.56
JPM,11/13/2014,60.23
JPM,11/14/2014,60.28
JPM,11/17/2014,60.38
JPM,11/18/2014,60.53
JPM,11/19/2014,60.6
JPM,11/20/2014,60.12
JPM,11/21/2014,60.45
JPM,11/24/2014,60.96
JPM,11/25/2014,60.3
JPM,11/26/2014,60.34
JPM,11/28/2014,60.16
JPM,12/1/2014,60
JPM,12/2/2014,61.08
JPM,12/3/2014,61.54
JPM,12/4/2014,61.38
JPM,12/5/2014,62.7
JPM,12/8/2014,62.67
JPM,12/9/2014,62.45
JPM,12/10/2014,60.68
JPM,12/11/2014,61.14
JPM,12/12/2014,60.04
JPM,12/15/2014,59.16
JPM,12/16/2014,58.43
JPM,12/17/2014,59.77
JPM,12/18/2014,61.48
JPM,12/19/2014,61.93
JPM,12/22/2014,61.94
JPM,12/23/2014,62.48
JPM,12/24/2014,62.48
JPM,12/26/2014,62.55
JPM,12/29/2014,62.96
JPM,12/30/2014,63.15
JPM,12/31/2014,62.58
JPM,1/2/2015,62.49
JPM,1/5/2015,60.55
JPM,1/6/2015,58.98
JPM,1/7/2015,59.07
JPM,1/8/2015,60.39
JPM,1/9/2015,59.34
JPM,1/12/2015,58.83
JPM,1/13/2015,58.84
JPM,1/14/2015,56.81
JPM,1/15/2015,54.99
JPM,1/16/2015,55.93
JPM,1/20/2015,55.71
JPM,1/21/2015,55.89
JPM,1/22/2015,57.59
JPM,1/23/2015,56.68
JPM,1/26/2015,56.77
JPM,1/27/2015,56.2
JPM,1/28/2015,54.75
JPM,1/29/2015,55.67
JPM,1/30/2015,54.38
JPM,2/2/2015,55.47
JPM,2/3/2015,56.72
JPM,2/4/2015,56.38
JPM,2/5/2015,56.77
JPM,2/6/2015,57.89
JPM,2/9/2015,57.82
JPM,2/10/2015,58.46
JPM,2/11/2015,58.37
JPM,2/12/2015,59.57
JPM,2/13/2015,59.67
JPM,2/17/2015,60.1
JPM,2/18/2015,59.37
JPM,2/19/2015,59.23
JPM,2/20/2015,59.8
JPM,2/23/2015,59.35
JPM,2/24/2015,60.82
JPM,2/25/2015,61.14
JPM,2/26/2015,61.58
JPM,2/27/2015,61.28
JPM,3/2/2015,61.77
JPM,3/3/2015,61.97
JPM,3/4/2015,62.13
JPM,3/5/2015,62
JPM,3/6/2015,60.89
JPM,3/9/2015,61.5
JPM,3/10/2015,59.96
JPM,3/11/2015,60.24
JPM,3/12/2015,61.37
JPM,3/13/2015,61
JPM,3/16/2015,61.85
JPM,3/17/2015,61.61
JPM,3/18/2015,61.75
JPM,3/19/2015,61.2
JPM,3/20/2015,61.75
JPM,3/23/2015,61.14
JPM,3/24/2015,60.46
JPM,3/25/2015,59.61
JPM,3/26/2015,59.54
JPM,3/27/2015,59.55
JPM,3/30/2015,60.96
JPM,3/31/2015,60.58
JPM,4/1/2015,59.95
JPM,4/2/2015,60.52
JPM,4/6/2015,60.47
JPM,4/7/2015,60.85
JPM,4/8/2015,61.05
JPM,4/9/2015,61.47
JPM,4/10/2015,61.7
JPM,4/13/2015,62.07
JPM,4/14/2015,63.04
JPM,4/15/2015,64.21
JPM,4/16/2015,63.81
JPM,4/17/2015,62.84
JPM,4/20/2015,63.24
JPM,4/21/2015,62.31
JPM,4/22/2015,62.94
JPM,4/23/2015,62.8
JPM,4/24/2015,62.6
JPM,4/27/2015,62.34
JPM,4/28/2015,62.76
JPM,4/29/2015,63.6
JPM,4/30/2015,63.26
JPM,5/1/2015,63.61
JPM,5/4/2015,64.72
JPM,5/5/2015,64.4
JPM,5/6/2015,63.92
JPM,5/7/2015,64.5
JPM,5/8/2015,65.49
JPM,5/11/2015,65.45
JPM,5/12/2015,65.36
JPM,5/13/2015,65.52
JPM,5/14/2015,66.05
JPM,5/15/2015,65.88
JPM,5/18/2015,66.42
JPM,5/19/2015,67.01
JPM,5/20/2015,66.48
JPM,5/21/2015,66.65
JPM,5/22/2015,66.47
JPM,5/26/2015,65.73
JPM,5/27/2015,66.47
JPM,5/28/2015,66.2
JPM,5/29/2015,65.78
JPM,6/1/2015,66.08
JPM,6/2/2015,66.02
JPM,6/3/2015,66.7
JPM,6/4/2015,66.33
JPM,6/5/2015,67.42
JPM,6/8/2015,66.89
JPM,6/9/2015,67.18
JPM,6/10/2015,68.26
JPM,6/11/2015,68.52
JPM,6/12/2015,68.25
JPM,6/15/2015,67.99
JPM,6/16/2015,68.37
JPM,6/17/2015,68.14
JPM,6/18/2015,68.78
JPM,6/19/2015,68.08
JPM,6/22/2015,68.96
JPM,6/23/2015,69.75
JPM,6/24/2015,69.02
JPM,6/25/2015,68.65
JPM,6/26/2015,68.95
JPM,6/29/2015,67.2
JPM,6/30/2015,67.76
JPM,7/1/2015,68.07
JPM,7/2/2015,67.52
JPM,7/6/2015,67.33
JPM,7/7/2015,66.8
JPM,7/8/2015,65.43
JPM,7/9/2015,66.11
JPM,7/10/2015,67.05
JPM,7/13/2015,68.09
JPM,7/14/2015,69.04
JPM,7/15/2015,69.19
JPM,7/16/2015,69.56
JPM,7/17/2015,69.21
JPM,7/20/2015,69.26
JPM,7/21/2015,69.1
JPM,7/22/2015,70.08
JPM,7/23/2015,69.64
JPM,7/24/2015,68.91
JPM,7/27/2015,68.01
JPM,7/28/2015,68.05
JPM,7/29/2015,68.94
JPM,7/30/2015,69.04
JPM,7/31/2015,68.53
JPM,8/3/2015,68.53
JPM,8/4/2015,68.46
JPM,8/5/2015,68.73
JPM,8/6/2015,68.25
JPM,8/7/2015,68.05
JPM,8/10/2015,68.89
JPM,8/11/2015,68.23
JPM,8/12/2015,67.24
JPM,8/13/2015,67.55
JPM,8/14/2015,67.89
JPM,8/17/2015,68.07
JPM,8/18/2015,68.21
JPM,8/19/2015,67.6
JPM,8/20/2015,65.94
JPM,8/21/2015,63.6
JPM,8/24/2015,60.25
JPM,8/25/2015,59.91
JPM,8/26/2015,62.91
JPM,8/27/2015,64.48
JPM,8/28/2015,64.13
JPM,8/31/2015,64.1
JPM,9/1/2015,61.45
JPM,9/2/2015,62.57
JPM,9/3/2015,62.68
JPM,9/4/2015,61.5
JPM,9/8/2015,63.16
JPM,9/9/2015,62.18
JPM,9/10/2015,62.66
JPM,9/11/2015,62.56
JPM,9/14/2015,62.38
JPM,9/15/2015,63.58
JPM,9/16/2015,64.14
JPM,9/17/2015,62.65
JPM,9/18/2015,60.94
JPM,9/21/2015,61.45
JPM,9/22/2015,60.91
JPM,9/23/2015,60.64
JPM,9/24/2015,60.22
JPM,9/25/2015,61.47
JPM,9/28/2015,59.98
JPM,9/29/2015,59.84
JPM,9/30/2015,60.97
JPM,10/1/2015,61.42
JPM,10/2/2015,60.81
JPM,10/5/2015,62.02
JPM,10/6/2015,62.05
JPM,10/7/2015,62.13
JPM,10/8/2015,62.13
JPM,10/9/2015,61.93
JPM,10/12/2015,61.72
JPM,10/13/2015,61.55
JPM,10/14/2015,59.99
JPM,10/15/2015,61.89
JPM,10/16/2015,62.43
JPM,10/19/2015,62.22
JPM,10/20/2015,62.52
JPM,10/21/2015,62.06
JPM,10/22/2015,63.19
JPM,10/23/2015,63.87
JPM,10/26/2015,63.9
JPM,10/27/2015,63.64
JPM,10/28/2015,65.5
JPM,10/29/2015,65.21
JPM,10/30/2015,64.25
JPM,11/2/2015,65.54
JPM,11/3/2015,65.78
JPM,11/4/2015,65.85
JPM,11/5/2015,66.44
JPM,11/6/2015,68.46
JPM,11/9/2015,67.39
JPM,11/10/2015,67.68
JPM,11/11/2015,67.35
JPM,11/12/2015,66
JPM,11/13/2015,65.56
JPM,11/16/2015,66.51
JPM,11/17/2015,66.13
JPM,11/18/2015,67.45
JPM,11/19/2015,67.66
JPM,11/20/2015,67.54
JPM,11/23/2015,66.88
JPM,11/24/2015,66.78
JPM,11/25/2015,66.86
JPM,11/27/2015,67.17
JPM,11/30/2015,66.68
JPM,12/1/2015,67.61
JPM,12/2/2015,66.66
JPM,12/3/2015,65.8
JPM,12/4/2015,67.89
JPM,12/7/2015,67
JPM,12/8/2015,65.96
JPM,12/9/2015,65.46
JPM,12/10/2015,65.61
JPM,12/11/2015,64.07
JPM,12/14/2015,64.27
JPM,12/15/2015,66.1
JPM,12/16/2015,67.53
JPM,12/17/2015,66.28
JPM,12/18/2015,64.4
JPM,12/21/2015,65.54
JPM,12/22/2015,65.68
JPM,12/23/2015,66.73
JPM,12/24/2015,66.6
JPM,12/28/2015,66.38
JPM,12/29/2015,67.07
JPM,12/30/2015,66.59
JPM,12/31/2015,66.03
JPM,1/4/2016,63.62
JPM,1/5/2016,63.73
JPM,1/6/2016,62.81
JPM,1/7/2016,60.27
JPM,1/8/2016,58.92
JPM,1/11/2016,58.83
JPM,1/12/2016,58.96
JPM,1/13/2016,57.34
JPM,1/14/2016,58.2
JPM,1/15/2016,57.04
JPM,1/19/2016,57.01
JPM,1/20/2016,55.51
JPM,1/21/2016,55.25
JPM,1/22/2016,56.95
JPM,1/25/2016,55.66
JPM,1/26/2016,57.08
JPM,1/27/2016,57.04
JPM,1/28/2016,57.28
JPM,1/29/2016,59.5
JPM,2/1/2016,58.86
JPM,2/2/2016,57.03
JPM,2/3/2016,57.41
JPM,2/4/2016,58.4
JPM,2/5/2016,57.75
JPM,2/8/2016,56.54
JPM,2/9/2016,56.2
JPM,2/10/2016,55.52
JPM,2/11/2016,53.07
JPM,2/12/2016,57.49
JPM,2/16/2016,58.35
JPM,2/17/2016,58.77
JPM,2/18/2016,57.81
JPM,2/19/2016,57.82
JPM,2/22/2016,58.57
JPM,2/23/2016,56.12
JPM,2/24/2016,56.14
JPM,2/25/2016,57.01
JPM,2/26/2016,57.54
JPM,2/29/2016,56.3
JPM,3/1/2016,59.2
JPM,3/2/2016,59.76
JPM,3/3/2016,59.96
JPM,3/4/2016,60.05
JPM,3/7/2016,59.94
JPM,3/8/2016,58.78
JPM,3/9/2016,59.12
JPM,3/10/2016,58.61
JPM,3/11/2016,59.34
JPM,3/14/2016,59.12
JPM,3/15/2016,59.2
JPM,3/16/2016,58.92
JPM,3/17/2016,58.75
JPM,3/18/2016,60.48
JPM,3/21/2016,60.46
JPM,3/22/2016,60.24
JPM,3/23/2016,59.94
JPM,3/24/2016,59.48
JPM,3/28/2016,59.4
JPM,3/29/2016,59.03
JPM,3/30/2016,59.71
JPM,3/31/2016,59.22
JPM,4/1/2016,59.87
JPM,4/4/2016,59.2
JPM,4/5/2016,58.36
JPM,4/6/2016,58.81
JPM,4/7/2016,57.32
JPM,4/8/2016,57.74
JPM,4/11/2016,58.2
JPM,4/12/2016,59.28
JPM,4/13/2016,61.79
JPM,4/14/2016,62.59
JPM,4/15/2016,61.87
JPM,4/18/2016,62.27
JPM,4/19/2016,63.32
JPM,4/20/2016,64.24
JPM,4/21/2016,63.6
JPM,4/22/2016,63.97
JPM,4/25/2016,63.6
JPM,4/26/2016,63.93
JPM,4/27/2016,64.11
JPM,4/28/2016,63.6
JPM,4/29/2016,63.2
JPM,5/2/2016,63.79
JPM,5/3/2016,62.56
JPM,5/4/2016,62.56
JPM,5/5/2016,61.24
JPM,5/6/2016,61.6
JPM,5/9/2016,61.21
JPM,5/10/2016,62.04
JPM,5/11/2016,61.81
JPM,5/12/2016,61.77
JPM,5/13/2016,61.2
JPM,5/16/2016,61.66
JPM,5/17/2016,61.66
JPM,5/18/2016,64.04
JPM,5/19/2016,63.39
JPM,5/20/2016,63.51
JPM,5/23/2016,63.46
JPM,5/24/2016,64.54
JPM,5/25/2016,65.52
JPM,5/26/2016,65.03
JPM,5/27/2016,65.43
JPM,5/31/2016,65.27
JPM,6/1/2016,65.69
JPM,6/2/2016,65.81
JPM,6/3/2016,64.64
JPM,6/6/2016,65.28
JPM,6/7/2016,65.06
JPM,6/8/2016,65.25
JPM,6/9/2016,64.75
JPM,6/10/2016,63.84
JPM,6/13/2016,63.27
JPM,6/14/2016,62.08
JPM,6/15/2016,61.97
JPM,6/16/2016,62.22
JPM,6/17/2016,62.28
JPM,6/20/2016,62.37
JPM,6/21/2016,62.95
JPM,6/22/2016,62.71
JPM,6/23/2016,64.05
JPM,6/24/2016,59.6
JPM,6/27/2016,57.61
JPM,6/28/2016,59.52
JPM,6/29/2016,61.2
JPM,6/30/2016,62.14
JPM,7/1/2016,61.26
JPM,7/5/2016,59.55
JPM,7/6/2016,60.19
JPM,7/7/2016,60.19
JPM,7/8/2016,61.83
JPM,7/11/2016,62.27
JPM,7/12/2016,63.2
JPM,7/13/2016,63.16
JPM,7/14/2016,64.12
JPM,7/15/2016,64.18
JPM,7/18/2016,63.96
JPM,7/19/2016,63.86
JPM,7/20/2016,63.93
JPM,7/21/2016,63.69
JPM,7/22/2016,64.04
JPM,7/25/2016,63.87
JPM,7/26/2016,64.13
JPM,7/27/2016,64.33
JPM,7/28/2016,64.1
JPM,7/29/2016,63.97
JPM,8/1/2016,63.8
JPM,8/2/2016,63.65
JPM,8/3/2016,64.66
JPM,8/4/2016,64.56
JPM,8/5/2016,66.3
JPM,8/8/2016,66.1
JPM,8/9/2016,65.87
JPM,8/10/2016,65.28
JPM,8/11/2016,65.46
JPM,8/12/2016,65.32
JPM,8/15/2016,65.72
JPM,8/16/2016,65.71
JPM,8/17/2016,65.89
JPM,8/18/2016,65.95
JPM,8/19/2016,65.86
JPM,8/22/2016,65.8
JPM,8/23/2016,65.77
JPM,8/24/2016,65.95
JPM,8/25/2016,66.07
JPM,8/26/2016,66.22
JPM,8/29/2016,66.95
JPM,8/30/2016,67.5
JPM,8/31/2016,67.5
JPM,9/1/2016,67.21
JPM,9/2/2016,67.49
JPM,9/6/2016,67.44
JPM,9/7/2016,67.16
JPM,9/8/2016,67.25
JPM,9/9/2016,66.65
JPM,9/12/2016,67.06
JPM,9/13/2016,66.53
JPM,9/14/2016,66.4
JPM,9/15/2016,66.64
JPM,9/16/2016,65.82
JPM,9/19/2016,66.19
JPM,9/20/2016,66.46
JPM,9/21/2016,66.84
JPM,9/22/2016,67.39
JPM,9/23/2016,67.25
JPM,9/26/2016,65.78
JPM,9/27/2016,66.36
JPM,9/28/2016,66.71
JPM,9/29/2016,65.65
JPM,9/30/2016,66.59
JPM,10/3/2016,66.51
JPM,10/4/2016,66.6
JPM,10/5/2016,67.69
JPM,10/6/2016,67.87
JPM,10/7/2016,68.11
JPM,10/10/2016,68.64
JPM,10/11/2016,68.31
JPM,10/12/2016,68.13
JPM,10/13/2016,67.74
JPM,10/14/2016,67.52
JPM,10/17/2016,67.17
JPM,10/18/2016,67.7
JPM,10/19/2016,68.35
JPM,10/20/2016,68.26
JPM,10/21/2016,68.49
JPM,10/24/2016,68.87
JPM,10/25/2016,68.8
JPM,10/26/2016,69.13
JPM,10/27/2016,69.23
JPM,10/28/2016,69.11
JPM,10/31/2016,69.26
JPM,11/1/2016,68.97
JPM,11/2/2016,68.68
JPM,11/3/2016,68.38
JPM,11/4/2016,67.76
JPM,11/7/2016,69.88
JPM,11/8/2016,70.03
JPM,11/9/2016,73.25
JPM,11/10/2016,76.65
JPM,11/11/2016,76.69
JPM,11/14/2016,79.51
JPM,11/15/2016,79.36
JPM,11/16/2016,77.4
JPM,11/17/2016,78.02
JPM,11/18/2016,77.71
JPM,11/21/2016,78.05
JPM,11/22/2016,78.53
JPM,11/23/2016,78.86
JPM,11/25/2016,78.83
JPM,11/28/2016,78.32
JPM,11/29/2016,78.92
JPM,11/30/2016,80.17
JPM,12/1/2016,81.79
JPM,12/2/2016,81.6
JPM,12/5/2016,83.26
JPM,12/6/2016,83.69
JPM,12/7/2016,84.07
JPM,12/8/2016,85.12
JPM,12/9/2016,85.49
JPM,12/12/2016,84.73
JPM,12/13/2016,84.76
JPM,12/14/2016,84.73
JPM,12/15/2016,86
JPM,12/16/2016,84.94
JPM,12/19/2016,85.43
JPM,12/20/2016,86.53
JPM,12/21/2016,86.75
JPM,12/22/2016,86.89
JPM,12/23/2016,87.05
JPM,12/27/2016,87.13
JPM,12/28/2016,86.5
JPM,12/29/2016,85.89
JPM,12/30/2016,86.29
JPM,1/3/2017,87.23
JPM,1/4/2017,86.91
JPM,1/5/2017,86.11
JPM,1/6/2017,86.12
JPM,1/9/2017,86.18
JPM,1/10/2017,86.43
JPM,1/11/2017,87.08
JPM,1/12/2017,86.24
JPM,1/13/2017,86.7
JPM,1/17/2017,83.55
JPM,1/18/2017,83.94
JPM,1/19/2017,83.3
JPM,1/20/2017,83.67
JPM,1/23/2017,83.71
JPM,1/24/2017,84.72
JPM,1/25/2017,86.03
JPM,1/26/2017,86.75
JPM,1/27/2017,86.93
JPM,1/30/2017,86.03
JPM,1/31/2017,84.63
JPM,2/1/2017,84.95
JPM,2/2/2017,84.59
JPM,2/3/2017,87.18
JPM,2/6/2017,86.77
JPM,2/7/2017,86.72
JPM,2/8/2017,85.96
JPM,2/9/2017,87.2
JPM,2/10/2017,87
JPM,2/13/2017,88.15
JPM,2/14/2017,89.56
JPM,2/15/2017,90.59
JPM,2/16/2017,90.53
JPM,2/17/2017,90.23
JPM,2/21/2017,91.01
JPM,2/22/2017,91.06
JPM,2/23/2017,91.13
JPM,2/24/2017,90.33
JPM,2/27/2017,90.43
JPM,2/28/2017,90.62
JPM,3/1/2017,93.6
JPM,3/2/2017,92.14
JPM,3/3/2017,92.8
JPM,3/6/2017,91.92
JPM,3/7/2017,91.41
JPM,3/8/2017,91.21
JPM,3/9/2017,91.57
JPM,3/10/2017,91.28
JPM,3/13/2017,91.36
JPM,3/14/2017,91.51
JPM,3/15/2017,91.73
JPM,3/16/2017,91.64
JPM,3/17/2017,90.68
JPM,3/20/2017,90.03
JPM,3/21/2017,87.39
JPM,3/22/2017,87.53
JPM,3/23/2017,87.39
JPM,3/24/2017,87.29
JPM,3/27/2017,87.24
JPM,3/28/2017,88.6
JPM,3/29/2017,88.27
JPM,3/30/2017,89.03
JPM,3/31/2017,87.84
JPM,4/3/2017,87.52
JPM,4/4/2017,87.31
JPM,4/5/2017,86.19
JPM,4/6/2017,86.48
JPM,4/7/2017,86.18
JPM,4/10/2017,85.88
JPM,4/11/2017,85.73
JPM,4/12/2017,85.4
JPM,4/13/2017,84.4
JPM,4/17/2017,85.86
JPM,4/18/2017,85.16
JPM,4/19/2017,84.46
JPM,4/20/2017,85.55
JPM,4/21/2017,84.52
JPM,4/24/2017,87.5
JPM,4/25/2017,88.26
JPM,4/26/2017,88.43
JPM,4/27/2017,87.61
JPM,4/28/2017,87
JPM,5/1/2017,87.06
JPM,5/2/2017,86.5
JPM,5/3/2017,87
JPM,5/4/2017,87.1
JPM,5/5/2017,87
JPM,5/8/2017,87.1
JPM,5/9/2017,86.75
JPM,5/10/2017,87.43
JPM,5/11/2017,87.16
JPM,5/12/2017,86.92
JPM,5/15/2017,87.34
JPM,5/16/2017,87.61
JPM,5/17/2017,84.27
JPM,5/18/2017,83.96
JPM,5/19/2017,84.78
JPM,5/22/2017,84.7
JPM,5/23/2017,85.76
JPM,5/24/2017,85.71
JPM,5/25/2017,85.35
JPM,5/26/2017,85.36
JPM,5/30/2017,83.9
JPM,5/31/2017,82.15
JPM,6/1/2017,83.06
JPM,6/2/2017,82.64
JPM,6/5/2017,82.79
JPM,6/6/2017,82.96
JPM,6/7/2017,83.91
JPM,6/8/2017,84.95
JPM,6/9/2017,86.96
JPM,6/12/2017,86.98
JPM,6/13/2017,87.27
JPM,6/14/2017,87.09
JPM,6/15/2017,86.57
JPM,6/16/2017,86.18
JPM,6/19/2017,88.07
JPM,6/20/2017,87.52
JPM,6/21/2017,87.12
JPM,6/22/2017,87.02
JPM,6/23/2017,86.86
JPM,6/26/2017,87.24
JPM,6/27/2017,88.05
JPM,6/28/2017,89.82
JPM,6/29/2017,91.15
JPM,6/30/2017,91.4
JPM,7/3/2017,92.75
JPM,7/5/2017,93.68
JPM,7/6/2017,93.38
JPM,7/7/2017,93.85
JPM,7/10/2017,93.19
JPM,7/11/2017,92.83
JPM,7/12/2017,92.51
JPM,7/13/2017,93.1
JPM,7/14/2017,92.25
JPM,7/17/2017,91.39
JPM,7/18/2017,91.07
JPM,7/19/2017,91.2
JPM,7/20/2017,91.2
JPM,7/21/2017,90.89
JPM,7/24/2017,91.28
JPM,7/25/2017,92.8
JPM,7/26/2017,91.93
JPM,7/27/2017,91.55
JPM,7/28/2017,91.28
JPM,7/31/2017,91.8
JPM,8/1/2017,93.03
JPM,8/2/2017,93.11
JPM,8/3/2017,92.5
JPM,8/4/2017,93.66
JPM,8/7/2017,94.02
JPM,8/8/2017,93.68
JPM,8/9/2017,93.53
JPM,8/10/2017,92.19
JPM,8/11/2017,91.42
JPM,8/14/2017,92.49
JPM,8/15/2017,92.73
JPM,8/16/2017,92.09
JPM,8/17/2017,90.65
JPM,8/18/2017,90.74
JPM,8/21/2017,90.63
JPM,8/22/2017,91.56
JPM,8/23/2017,91.67
JPM,8/24/2017,91.52
JPM,8/25/2017,91.89
JPM,8/28/2017,91.6
JPM,8/29/2017,91.1
JPM,8/30/2017,91.31
JPM,8/31/2017,90.89
JPM,9/1/2017,91.7
JPM,9/5/2017,89.51
JPM,9/6/2017,90.11
JPM,9/7/2017,88.53
JPM,9/8/2017,88.42
JPM,9/11/2017,89.79
JPM,9/12/2017,90.89
JPM,9/13/2017,91.15
JPM,9/14/2017,90.97
JPM,9/15/2017,91.62
JPM,9/18/2017,92.92
JPM,9/19/2017,93.94
JPM,9/20/2017,93.94
JPM,9/21/2017,95.03
JPM,9/22/2017,94.83
JPM,9/25/2017,94.12
JPM,9/26/2017,93.7
JPM,9/27/2017,95.18
JPM,9/28/2017,95.38
JPM,9/29/2017,95.51
JPM,10/2/2017,96.84
JPM,10/3/2017,97.35
JPM,10/4/2017,96.36
JPM,10/5/2017,97.09
JPM,10/6/2017,96.92
JPM,10/9/2017,96.41
JPM,10/10/2017,97.13
JPM,10/11/2017,96.84
JPM,10/12/2017,95.99
JPM,10/13/2017,95.86
JPM,10/16/2017,97.84
JPM,10/17/2017,97.62
JPM,10/18/2017,97.99
JPM,10/19/2017,98.11
JPM,10/20/2017,99.51
JPM,10/23/2017,99.34
JPM,10/24/2017,100.92
JPM,10/25/2017,101.02
JPM,10/26/2017,101.74
JPM,10/27/2017,101.77
JPM,10/30/2017,101.41
JPM,10/31/2017,100.61
JPM,11/1/2017,100.92
JPM,11/2/2017,101.59
JPM,11/3/2017,101.41
JPM,11/6/2017,100.78
JPM,11/7/2017,98.75
JPM,11/8/2017,97.64
JPM,11/9/2017,97.63
JPM,11/10/2017,97.51
JPM,11/13/2017,97.86
JPM,11/14/2017,97.27
JPM,11/15/2017,98.19
JPM,11/16/2017,98.47
JPM,11/17/2017,98.14
JPM,11/20/2017,99.01
JPM,11/21/2017,98.93
JPM,11/22/2017,98.64
JPM,11/24/2017,98.32
JPM,11/27/2017,97.93
JPM,11/28/2017,101.36
JPM,11/29/2017,103.73
JPM,11/30/2017,104.52
JPM,12/1/2017,104.79
JPM,12/4/2017,106.95
JPM,12/5/2017,105.72
JPM,12/6/2017,104.93
JPM,12/7/2017,104.62
JPM,12/8/2017,105.93
JPM,12/11/2017,105.62
JPM,12/12/2017,106.85
JPM,12/13/2017,105.51
JPM,12/14/2017,104.66
JPM,12/15/2017,106.14
JPM,12/18/2017,106.96
JPM,12/19/2017,106.51
JPM,12/20/2017,106.14
JPM,12/21/2017,107.83
JPM,12/22/2017,107.45
JPM,12/26/2017,107.02
JPM,12/27/2017,107.22
JPM,12/28/2017,107.79
JPM,12/29/2017,106.94
JPM,1/2/2018,107.95
JPM,1/3/2018,108.06
JPM,1/4/2018,109.04
JPM,1/5/2018,108.34
JPM,1/8/2018,108.5
JPM,1/9/2018,109.05
JPM,1/10/2018,110.25
JPM,1/11/2018,110.84
JPM,1/12/2018,112.67
JPM,1/16/2018,112.27
JPM,1/17/2018,112.99
JPM,1/18/2018,113.26
JPM,1/19/2018,113.01
JPM,1/22/2018,114.33
JPM,1/23/2018,114.21
JPM,1/24/2018,115.67
JPM,1/25/2018,115.7
JPM,1/26/2018,116.32
JPM,1/29/2018,116.2
JPM,1/30/2018,115.11
JPM,1/31/2018,115.67
JPM,2/1/2018,116.87
JPM,2/2/2018,114.28
JPM,2/5/2018,108.8
JPM,2/6/2018,112.11
JPM,2/7/2018,112.87
JPM,2/8/2018,107.88
JPM,2/9/2018,110.04
JPM,2/12/2018,111.74
JPM,2/13/2018,112.43
JPM,2/14/2018,115.03
JPM,2/15/2018,115.51
JPM,2/16/2018,114.68
JPM,2/20/2018,114.71
JPM,2/21/2018,115.19
JPM,2/22/2018,114.98
JPM,2/23/2018,117.31
JPM,2/26/2018,118.77
JPM,2/27/2018,117.36
JPM,2/28/2018,115.5
JPM,3/1/2018,113.43
JPM,3/2/2018,113.32
JPM,3/5/2018,115.06
JPM,3/6/2018,115.16
JPM,3/7/2018,114.73
JPM,3/8/2018,114.74
JPM,3/9/2018,118.04
JPM,3/12/2018,117.66
JPM,3/13/2018,116.25
JPM,3/14/2018,114.95
JPM,3/15/2018,115.24
JPM,3/16/2018,115.44
JPM,3/19/2018,114.53
JPM,3/20/2018,114.64
JPM,3/21/2018,114.74
JPM,3/22/2018,109.95
JPM,3/23/2018,107.01
JPM,3/26/2018,110.31
JPM,3/27/2018,108.17
JPM,3/28/2018,108
JPM,3/29/2018,109.97
JPM,4/2/2018,107.85
JPM,4/3/2018,109.33
JPM,4/4/2018,110.99
JPM,4/5/2018,111.88
JPM,4/6/2018,109.09
JPM,4/9/2018,110.4
JPM,4/10/2018,112.51
JPM,4/11/2018,110.62
JPM,4/12/2018,113.37
JPM,4/13/2018,110.3
JPM,4/16/2018,110.21
JPM,4/17/2018,110.21
JPM,4/18/2018,109.32
JPM,4/19/2018,111.72
JPM,4/20/2018,111.47
JPM,4/23/2018,110.93
JPM,4/24/2018,110.41
JPM,4/25/2018,109.99
JPM,4/26/2018,110.1
JPM,4/27/2018,109.4
JPM,4/30/2018,108.78
JPM,5/1/2018,108.78
JPM,5/2/2018,107.92
JPM,5/3/2018,107.24
JPM,5/4/2018,108.43
JPM,5/7/2018,109.37
JPM,5/8/2018,110.99
JPM,5/9/2018,113.41
JPM,5/10/2018,114.29
JPM,5/11/2018,113.86
JPM,5/14/2018,113.9
JPM,5/15/2018,113.03
JPM,5/16/2018,113.34
JPM,5/17/2018,112.96
JPM,5/18/2018,111.13
JPM,5/21/2018,112.15
JPM,5/22/2018,113.01
JPM,5/23/2018,112.49
JPM,5/24/2018,111.23
JPM,5/25/2018,110.66
JPM,5/29/2018,105.93
JPM,5/30/2018,108.35
JPM,5/31/2018,107.01
JPM,6/1/2018,108.4
JPM,6/4/2018,108.45
JPM,6/5/2018,107.84
JPM,6/6/2018,110.36
JPM,6/7/2018,110.8
JPM,6/8/2018,111.11
JPM,6/11/2018,110.83
JPM,6/12/2018,110.19
JPM,6/13/2018,109.97
JPM,6/14/2018,108.03
JPM,6/15/2018,107.9
JPM,6/18/2018,108.18
JPM,6/19/2018,107.55
JPM,6/20/2018,107.54
JPM,6/21/2018,107.51
JPM,6/22/2018,105.75
JPM,6/25/2018,104.79
JPM,6/26/2018,104.86
JPM,6/27/2018,103.24
JPM,6/28/2018,104.93
JPM,6/29/2018,104.2
JPM,7/2/2018,105.08
JPM,7/3/2018,103.61
JPM,7/5/2018,103.72
JPM,7/6/2018,104.06
JPM,7/9/2018,107.28
JPM,7/10/2018,106.62
JPM,7/11/2018,106.39
JPM,7/12/2018,106.85
JPM,7/13/2018,106.36
JPM,7/16/2018,110.58
JPM,7/17/2018,110.5
JPM,7/18/2018,111.53
JPM,7/19/2018,109.89
JPM,7/20/2018,111.28
JPM,7/23/2018,113.35
JPM,7/24/2018,114.15
JPM,7/25/2018,115.18
JPM,7/26/2018,114.85
JPM,7/27/2018,116.03
JPM,7/30/2018,116.73
JPM,7/31/2018,114.95
JPM,8/1/2018,115.66
JPM,8/2/2018,116.15
JPM,8/3/2018,117.09
JPM,8/6/2018,117.12
JPM,8/7/2018,117.55
JPM,8/8/2018,117.79
JPM,8/9/2018,116.88
JPM,8/10/2018,115.73
JPM,8/13/2018,113.89
JPM,8/14/2018,114.65
JPM,8/15/2018,113.7
JPM,8/16/2018,114.77
JPM,8/17/2018,114.77
JPM,8/20/2018,114.62
JPM,8/21/2018,115.32
JPM,8/22/2018,114.97
JPM,8/23/2018,114.73
JPM,8/24/2018,114.68
JPM,8/27/2018,116.71
JPM,8/28/2018,116.14
JPM,8/29/2018,115.76
JPM,8/30/2018,115.19
JPM,8/31/2018,114.58
JPM,9/4/2018,115.15
JPM,9/5/2018,114.59
JPM,9/6/2018,114.1
JPM,9/7/2018,114.32
JPM,9/10/2018,113.71
JPM,9/11/2018,114.43
JPM,9/12/2018,113.08
JPM,9/13/2018,113.52
JPM,9/14/2018,113.5
JPM,9/17/2018,113.84
JPM,9/18/2018,114.3
JPM,9/19/2018,117.62
JPM,9/20/2018,118.63
JPM,9/21/2018,117.85
JPM,9/24/2018,116.72
JPM,9/25/2018,116.39
JPM,9/26/2018,115.02
JPM,9/27/2018,114.52
JPM,9/28/2018,112.84
JPM,10/1/2018,113.5
JPM,10/2/2018,113.97
JPM,10/3/2018,115.04
JPM,10/4/2018,115.27
JPM,10/5/2018,114.62
JPM,10/8/2018,115.32
JPM,10/9/2018,114.52
JPM,10/10/2018,111.47
JPM,10/11/2018,108.13
JPM,10/12/2018,106.95
JPM,10/15/2018,106.34
JPM,10/16/2018,108.62
JPM,10/17/2018,109.83
JPM,10/18/2018,108.09
JPM,10/19/2018,107.91
JPM,10/22/2018,106.36
JPM,10/23/2018,105.25
JPM,10/24/2018,103.29
JPM,10/25/2018,104.86
JPM,10/26/2018,103.42
JPM,10/29/2018,104.85
JPM,10/30/2018,106.7
JPM,10/31/2018,109.02
JPM,11/1/2018,108.98
JPM,11/2/2018,108.38
JPM,11/5/2018,109.09
JPM,11/6/2018,109.6
JPM,11/7/2018,111.48
JPM,11/8/2018,112.38
JPM,11/9/2018,111.29
JPM,11/12/2018,108.95
JPM,11/13/2018,109.59
JPM,11/14/2018,107.33
JPM,11/15/2018,110.07
JPM,11/16/2018,109.99
JPM,11/19/2018,110.83
JPM,11/20/2018,108.45
JPM,11/21/2018,107.64
JPM,11/23/2018,106.65
JPM,11/26/2018,109.26
JPM,11/27/2018,109.72
JPM,11/28/2018,110.94
JPM,11/29/2018,110.06
JPM,11/30/2018,111.19
JPM,12/3/2018,112.24
JPM,12/4/2018,107.23
JPM,12/6/2018,105.19
JPM,12/7/2018,103.29
JPM,12/10/2018,101.36
JPM,12/11/2018,100.37
JPM,12/12/2018,101.02
JPM,12/13/2018,101.12
JPM,12/14/2018,100.29
JPM,12/17/2018,99.01
JPM,12/18/2018,98.54
JPM,12/19/2018,97.29
JPM,12/20/2018,96.45
JPM,12/21/2018,94.17
JPM,12/24/2018,92.14
JPM,12/26/2018,95.96
JPM,12/27/2018,97.04
JPM,12/28/2018,96.83
JPM,12/31/2018,97.62
JPM,1/2/2019,99.31
JPM,1/3/2019,97.11
JPM,1/4/2019,100.69
JPM,1/7/2019,100.76
JPM,1/8/2019,100.57
JPM,1/9/2019,100.4
JPM,1/10/2019,100.39
JPM,1/11/2019,99.91
JPM,1/14/2019,100.94
JPM,1/15/2019,101.68
JPM,1/16/2019,102.5
JPM,1/17/2019,102.92
JPM,1/18/2019,104.59
JPM,1/22/2019,102.94
JPM,1/23/2019,102.68
JPM,1/24/2019,102.74
JPM,1/25/2019,103.39
JPM,1/28/2019,103.88
JPM,1/29/2019,104.17
JPM,1/30/2019,104.41
JPM,1/31/2019,103.5
JPM,2/1/2019,103.88
JPM,2/4/2019,104.25
JPM,2/5/2019,103.79
JPM,2/6/2019,103.74
JPM,2/7/2019,102.38
JPM,2/8/2019,101.36
JPM,2/11/2019,100.88
JPM,2/12/2019,102.6
JPM,2/13/2019,103.09
JPM,2/14/2019,102.42
JPM,2/15/2019,105.55
JPM,2/19/2019,105.18
JPM,2/20/2019,105.69
JPM,2/21/2019,105.47
JPM,2/22/2019,105
JPM,2/25/2019,106.1
JPM,2/26/2019,105.29
JPM,2/27/2019,105.16
JPM,2/28/2019,104.36
JPM,3/1/2019,104.43
JPM,3/4/2019,104.19
JPM,3/5/2019,104.11
JPM,3/6/2019,103.72
JPM,3/7/2019,102.97
JPM,3/8/2019,103.01
JPM,3/11/2019,104.35
JPM,3/12/2019,104.04
JPM,3/13/2019,104.39
JPM,3/14/2019,105.34
JPM,3/15/2019,106.55
JPM,3/18/2019,107.19
JPM,3/19/2019,106.8
JPM,3/20/2019,104.52
JPM,3/21/2019,102.87
JPM,3/22/2019,99.76
JPM,3/25/2019,98.93
JPM,3/26/2019,99.92
JPM,3/27/2019,99.58
JPM,3/28/2019,100.71
JPM,3/29/2019,101.23
JPM,4/1/2019,104.64
JPM,4/2/2019,105.14
JPM,4/3/2019,105.35
JPM,4/4/2019,105.56
JPM,4/5/2019,105.31
JPM,4/8/2019,105.65
JPM,4/9/2019,104.87
JPM,4/10/2019,105.34
JPM,4/11/2019,106.23
JPM,4/12/2019,111.21
JPM,4/15/2019,109.94
JPM,4/16/2019,111.1
JPM,4/17/2019,114.3
JPM,4/18/2019,113.46
JPM,4/22/2019,113.6
JPM,4/23/2019,113.74
JPM,4/24/2019,113.55
JPM,4/25/2019,113.61
JPM,4/26/2019,114.47
JPM,4/29/2019,116.12
JPM,4/30/2019,116.05
